{
  "urls": [
    "ch1.mp3",
    "ch1.ogg",
    "ch1.m4a"
  ],
  "sprite": {
    "BetDown": [
      0,
      760.7482993197278
    ],
    "Match": [
      1500,
      2280.2721088435374
    ],
    "MusicTermLose": [
      5000,
      3987.482993197279
    ],
    "MusicTermWin": [
      9500,
      3967.868480725624
    ]
  }
}