{
  "urls": [
    "ch3.mp3",
    "ch3.ogg",
    "ch3.m4a"
  ],
  "sprite": {
    "BetMax": [
      0,
      1202.5170068027212
    ],
    "WinningNumberSelect": [
      2500,
      2426.122448979592
    ],
    "YourNumberSelect2": [
      6000,
      1599.9999999999995
    ]
  }
}